0,0,41.94200134277344,68.9800033569336
0,0,36.89099884033203,157.80799865722656
0,0,36.276756286621094,156.87969970703125
0,0,35.675140380859375,155.9413299560547
0,0,35.08631134033203,154.9929656982422
0,0,34.51044464111328,154.03466796875
0,0,33.94770050048828,153.0664825439453
0,0,33.398250579833984,152.0885009765625
0,0,32.86225509643555,151.1007537841797
0,0,32.33988952636719,150.10333251953125
0,0,31.83131217956543,149.09628295898438
0,0,31.336694717407227,148.0796661376953
0,0,30.856201171875,147.05355834960938
0,0,30.389999389648438,146.01800537109375
0,0,30.012439727783203,145.1427459716797
0,0,29.6483154296875,144.2586212158203
0,0,29.29759407043457,143.3659210205078
0,0,28.960241317749023,142.46495056152344
0,0,28.6362247467041,141.55601501464844
0,0,28.325510025024414,140.639404296875
0,0,28.02806282043457,139.71542358398438
0,0,27.74384880065918,138.78436279296875
0,0,27.472837448120117,137.84652709960938
0,0,27.214990615844727,136.90220642089844
0,0,26.970277786254883,135.95169067382812
0,0,26.738664627075195,134.9953155517578
0,0,26.520116806030273,134.03334045410156
0,0,26.31460189819336,133.0660858154297
0,0,26.12208366394043,132.09384155273438
0,0,25.942529678344727,131.1168975830078
0,0,25.77590560913086,130.1355743408203
0,0,25.62217903137207,129.15016174316406
0,0,25.48131561279297,128.1609344482422
0,0,25.353282928466797,127.16822814941406
0,0,25.23804473876953,126.17232513427734
0,0,25.13556671142578,125.17351531982422
0,0,25.045820236206055,124.17210388183594
0,0,24.968765258789062,123.16839599609375
0,0,24.904373168945312,122.16268157958984
0,0,24.85260581970215,121.15525817871094
0,0,24.813434600830078,120.14642333984375
0,0,24.786819458007812,119.13648986816406
0,0,24.772733688354492,118.12574005126953
0,0,24.771137237548828,117.1144790649414
0,0,24.781999588012695,116.10299682617188
0,0,24.805286407470703,115.09160614013672
0,0,24.840965270996094,114.08059692382812
0,0,24.888999938964844,113.07026672363281
0,0,24.949359893798828,112.06092071533203
0,0,25.02200698852539,111.05284881591797
0,0,25.106910705566406,110.04635620117188
0,0,25.204036712646484,109.04173278808594
0,0,25.313352584838867,108.03929138183594
0,0,25.43482208251953,107.03931427001953
0,0,25.56841278076172,106.04210662841797
0,0,25.714088439941406,105.04796600341797
0,0,25.8718204498291,104.05719757080078
0,0,26.04157066345215,103.0700912475586
0,0,26.22330665588379,102.08694458007812
0,0,26.416996002197266,101.10806274414062
0,0,26.622604370117188,100.13374328613281
0,0,26.84009552001953,99.16427612304688
0,0,27.069438934326172,98.19996643066406
0,0,27.31060028076172,97.24111938476562
0,0,27.56354522705078,96.28801727294922
0,0,27.82823944091797,95.34097290039062
0,0,28.10464859008789,94.40027618408203
0,0,28.392742156982422,93.46622467041016
0,0,28.692481994628906,92.53912353515625
0,0,29.00383949279785,91.61927032470703
0,0,29.3267765045166,90.70696258544922
0,0,29.6612606048584,89.802490234375
0,0,30.007259368896484,88.90615844726562
0,0,30.36473846435547,88.01827239990234
0,0,30.73366355895996,87.13911437988281
0,0,31.11400032043457,86.26899719238281
0,0,31.562742233276367,85.28321838378906
0,0,32.02590560913086,84.30560302734375
0,0,32.503326416015625,83.336181640625
0,0,32.99482727050781,82.3750228881836
0,0,33.500244140625,81.42215728759766
0,0,34.01940155029297,80.47764587402344
0,0,34.55213928222656,79.54151916503906
0,0,35.0982780456543,78.61383819580078
0,0,35.65765380859375,77.69464874267578
0,0,36.2300910949707,76.78398895263672
0,0,36.8154296875,75.88191986083984
0,0,37.413490295410156,74.98847961425781
0,0,38.02410888671875,74.10371398925781
0,0,38.64711380004883,73.22766876220703
0,0,39.2823371887207,72.36040496826172
0,0,39.92960739135742,71.501953125
0,0,40.58875274658203,70.65237426757812
0,0,41.259605407714844,69.81170654296875
1,0,176.5,67.5
1,0,41.94200134277344,68.9800033569336
1,0,42.54248046875,68.26659393310547
1,0,43.151390075683594,67.55997467041016
1,0,43.768619537353516,66.86016082763672
1,0,44.39406204223633,66.16719055175781
1,0,45.02760314941406,65.48108673095703
1,0,45.66913604736328,64.80188751220703
1,0,46.31855010986328,64.12962341308594
1,0,46.97573471069336,63.46430969238281
1,0,47.64058303833008,62.80598831176758
1,0,48.31298065185547,62.154685974121094
1,0,48.992820739746094,61.510433197021484
1,0,49.679996490478516,60.87325668334961
1,0,50.3743896484375,60.243186950683594
1,0,51.075897216796875,59.62025833129883
1,0,51.78440856933594,59.004493713378906
1,0,52.499813079833984,58.39592361450195
1,0,53.22200012207031,57.79458236694336
1,0,53.95085906982422,57.200496673583984
1,0,54.686283111572266,56.61369705200195
1,0,55.42816162109375,56.034210205078125
1,0,56.1763801574707,55.46207046508789
1,0,56.93083953857422,54.897300720214844
1,0,57.6914176940918,54.33993911743164
1,0,58.458011627197266,53.790008544921875
1,0,59.23051452636719,53.24754333496094
1,0,60.00880813598633,52.71256637573242
1,0,60.792789459228516,52.185115814208984
1,0,61.58234405517578,51.66521453857422
1,0,62.37736511230469,51.152896881103516
1,0,63.17774200439453,50.648189544677734
1,0,63.983367919921875,50.151123046875
1,0,64.79412841796875,49.66172790527344
1,0,65.60990905761719,49.180030822753906
1,0,66.43061828613281,48.7060661315918
1,0,67.2561264038086,48.23986053466797
1,0,68.08633422851562,47.78144073486328
1,0,68.92112731933594,47.330841064453125
1,0,69.7603988647461,46.888092041015625
1,0,70.60403442382812,46.453216552734375
1,0,71.45193481445312,46.026248931884766
1,0,72.3039779663086,45.60721969604492
1,0,73.16006469726562,45.19615936279297
1,0,74.02008056640625,44.7930908203125
1,0,74.8839111328125,44.39805221557617
1,0,75.75144958496094,44.01106643676758
1,0,76.62258911132812,43.63216781616211
1,0,77.49722290039062,43.261383056640625
1,0,78.37522888183594,42.89874267578125
1,0,79.25650787353516,42.544273376464844
1,0,80.14094543457031,42.19801330566406
1,0,81.02843475341797,41.859981536865234
1,0,81.91886901855469,41.530216217041016
1,0,82.81212615966797,41.208740234375
1,0,83.7081069946289,40.89558792114258
1,0,84.60669708251953,40.59078598022461
1,0,85.5077896118164,40.294368743896484
1,0,86.4112777709961,40.0063591003418
1,0,87.31704711914062,39.72679138183594
1,0,88.22498321533203,39.455692291259766
1,0,89.13497924804688,39.19309616088867
1,0,90.04693603515625,38.939029693603516
1,0,90.96073150634766,38.693519592285156
1,0,91.87625885009766,38.45659637451172
1,0,92.79341125488281,38.228294372558594
1,0,93.71207427978516,38.00864028930664
1,0,94.63214111328125,37.797664642333984
1,0,95.55350494384766,37.595394134521484
1,0,96.4760513305664,37.40186309814453
1,0,97.39966583251953,37.21709442138672
1,0,98.32424926757812,37.0411262512207
1,0,99.24968719482422,36.87398147583008
1,0,100.17587280273438,36.71569061279297
1,0,101.1026840209961,36.566287994384766
1,0,102.030029296875,36.42579650878906
1,0,102.9577865600586,36.29425048828125
1,0,103.88584899902344,36.17167663574219
1,0,104.8141098022461,36.058109283447266
1,0,105.74244689941406,35.953575134277344
1,0,106.67076873779297,35.85810089111328
1,0,107.59895324707031,35.77172088623047
1,0,108.52690124511719,35.694461822509766
1,0,109.4544906616211,35.6263542175293
1,0,110.3816146850586,35.56742858886719
1,0,111.30816650390625,35.5177116394043
1,0,112.23403930664062,35.477237701416016
1,0,113.15911865234375,35.4460334777832
1,0,114.08329010009766,35.42412567138672
1,0,115.00645446777344,35.41154861450195
1,0,115.92849731445312,35.40833282470703
1,0,116.84931182861328,35.41450500488281
1,0,117.7687759399414,35.430091857910156
1,0,118.68679809570312,35.45512771606445
1,0,119.6032485961914,35.48964309692383
1,0,120.51803588867188,35.53366470336914
1,0,121.43103790283203,35.587223052978516
1,0,122.34215545654297,35.65034484863281
1,0,123.25126647949219,35.72306442260742
1,0,124.15827178955078,35.80541229248047
1,0,125.06305694580078,35.89741134643555
1,0,125.96551513671875,35.99909591674805
1,0,126.86553192138672,36.110496520996094
1,0,127.76299285888672,36.23163986206055
1,0,128.65780639648438,36.36255645751953
1,0,129.54983520507812,36.50327682495117
1,0,130.43899536132812,36.65382766723633
1,0,131.32516479492188,36.81424331665039
1,0,132.208251953125,36.98455047607422
1,0,133.08810424804688,37.16477966308594
1,0,133.96466064453125,37.35496139526367
1,0,134.83778381347656,37.55512237548828
1,0,135.70736694335938,37.76529312133789
1,0,136.57330322265625,37.985504150390625
1,0,137.4354705810547,38.21578598022461
1,0,138.29379272460938,38.4561653137207
1,0,139.1481170654297,38.7066764831543
1,0,139.9983673095703,38.96734619140625
1,0,140.84442138671875,39.23820114135742
1,0,141.68617248535156,39.5192756652832
1,0,142.52349853515625,39.81060028076172
1,0,143.35630798339844,40.11219787597656
1,0,144.18447875976562,40.424102783203125
1,0,145.00790405273438,40.74634552001953
1,0,145.82647705078125,41.078956604003906
1,0,146.64007568359375,41.421958923339844
1,0,147.4486083984375,41.775390625
1,0,148.25196838378906,42.13927459716797
1,0,149.05001831054688,42.513641357421875
1,0,149.84266662597656,42.89852523803711
1,0,150.6298065185547,43.293949127197266
1,0,151.41131591796875,43.699951171875
1,0,152.1870880126953,44.116554260253906
1,0,152.95703125,44.54378890991211
1,0,153.72100830078125,44.981685638427734
1,0,154.4789276123047,45.430274963378906
1,0,155.23068237304688,45.88958740234375
1,0,155.9761505126953,46.359649658203125
1,0,156.71522521972656,46.840492248535156
1,0,157.4477996826172,47.33214569091797
1,0,158.17376708984375,47.83463668823242
1,0,158.89300537109375,48.347999572753906
1,0,159.72662353515625,48.9649543762207
1,0,160.54762268066406,49.59798812866211
1,0,161.3562774658203,50.24661636352539
1,0,162.1527862548828,50.910369873046875
1,0,162.93740844726562,51.588768005371094
1,0,163.7103729248047,52.28133773803711
1,0,164.47193908691406,52.987606048583984
1,0,165.22232055664062,53.70709228515625
1,0,165.96176147460938,54.43932342529297
1,0,166.6905059814453,55.18382263183594
1,0,167.40878295898438,55.94011688232422
1,0,168.11685180664062,56.707725524902344
1,0,168.81492614746094,57.486175537109375
1,0,169.50326538085938,58.27499008178711
1,0,170.18209838867188,59.07369613647461
1,0,170.85165405273438,59.881813049316406
1,0,171.51219177246094,60.69887161254883
1,0,172.16392517089844,61.524391174316406
1,0,172.80711364746094,62.35789489746094
1,0,173.44198608398438,63.19891357421875
1,0,174.06878662109375,64.04696655273438
1,0,174.68775939941406,64.90157318115234
1,0,175.2991180419922,65.76226806640625
1,0,175.9031219482422,66.62857055664062
2,0,36.89099884033203,157.80799865722656
2,0,166.5,167.5
2,0,165.8233184814453,168.24032592773438
2,0,165.141357421875,168.96958923339844
2,0,164.45420837402344,169.6878204345703
2,0,163.7619171142578,170.39505004882812
2,0,163.0645751953125,171.09129333496094
2,0,162.36224365234375,171.77659606933594
2,0,161.655029296875,172.4509735107422
2,0,160.9429931640625,173.11447143554688
2,0,160.2261962890625,173.76710510253906
2,0,159.50474548339844,174.40890502929688
2,0,158.7786865234375,175.03990173339844
2,0,158.04811096191406,175.66012573242188
2,0,157.31309509277344,176.2696075439453
2,0,156.57369995117188,176.86837768554688
2,0,155.8300323486328,177.45645141601562
2,0,155.08213806152344,178.03387451171875
2,0,154.3301239013672,178.60067749023438
2,0,153.57403564453125,179.15687561035156
2,0,152.81396484375,179.70249938964844
2,0,152.0499725341797,180.23757934570312
2,0,151.28216552734375,180.7621612548828
2,0,150.51058959960938,181.2762451171875
2,0,149.73533630371094,181.77989196777344
2,0,148.9564666748047,182.27310180664062
2,0,148.17408752441406,182.75592041015625
2,0,147.38824462890625,183.22837829589844
2,0,146.59902954101562,183.69049072265625
2,0,145.8065185546875,184.14230346679688
2,0,145.01077270507812,184.58383178710938
2,0,144.21188354492188,185.01510620117188
2,0,143.40992736816406,185.4361572265625
2,0,142.60498046875,185.84703063964844
2,0,141.79710388183594,186.24774169921875
2,0,140.98638916015625,186.6383056640625
2,0,140.17291259765625,187.01876831054688
2,0,139.3567352294922,187.38916015625
2,0,138.53794860839844,187.74949645996094
2,0,137.7166290283203,188.09982299804688
2,0,136.89283752441406,188.44017028808594
2,0,136.06666564941406,188.77053833007812
2,0,135.23818969726562,189.0909881591797
2,0,134.407470703125,189.4015350341797
2,0,133.57460021972656,189.70220947265625
2,0,132.73963928222656,189.9930419921875
2,0,131.90267944335938,190.27406311035156
2,0,131.0637969970703,190.54530334472656
2,0,130.22305297851562,190.80677795410156
2,0,129.3805389404297,191.05853271484375
2,0,128.53631591796875,191.3005828857422
2,0,127.69048309326172,191.532958984375
2,0,126.84309387207031,191.75570678710938
2,0,125.99423217773438,191.96884155273438
2,0,125.14397430419922,192.17239379882812
2,0,124.29240417480469,192.36639404296875
2,0,123.43958282470703,192.55087280273438
2,0,122.58560180664062,192.72586059570312
2,0,121.73052215576172,192.89138793945312
2,0,120.87443542480469,193.04747009277344
2,0,120.01741027832031,193.1941375732422
2,0,119.15951538085938,193.33143615722656
2,0,118.30084228515625,193.4593963623047
2,0,117.44145202636719,193.57801818847656
2,0,116.58143615722656,193.68736267089844
2,0,115.72085571289062,193.7874298095703
2,0,114.85979461669922,193.87828063964844
2,0,113.99833679199219,193.9599151611328
2,0,113.13654327392578,194.0323944091797
2,0,112.27449798583984,194.09571838378906
2,0,111.41227722167969,194.14991760253906
2,0,110.5499496459961,194.19503784179688
2,0,109.68760681152344,194.23109436035156
2,0,108.82530975341797,194.2581329345703
2,0,107.96314239501953,194.27615356445312
2,0,107.10118103027344,194.28521728515625
2,0,106.239501953125,194.28533935546875
2,0,105.378173828125,194.27655029296875
2,0,104.51728057861328,194.2588653564453
2,0,103.65689849853516,194.23233032226562
2,0,102.79710388183594,194.1969757080078
2,0,101.9379653930664,194.15283203125
2,0,101.0795669555664,194.0998992919922
2,0,100.22198486328125,194.03823852539062
2,0,99.36528778076172,193.96788024902344
2,0,98.50955963134766,193.88882446289062
2,0,97.65487670898438,193.80113220214844
2,0,96.80130767822266,193.70480346679688
2,0,95.94893646240234,193.59988403320312
2,0,95.09783172607422,193.4864044189453
2,0,94.24807739257812,193.36439514160156
2,0,93.39974212646484,193.23387145996094
2,0,92.55290985107422,193.09487915039062
2,0,91.70765686035156,192.9474334716797
2,0,90.86405181884766,192.79156494140625
2,0,90.02217102050781,192.6273193359375
2,0,89.18209838867188,192.4547119140625
2,0,88.34391021728516,192.2737579345703
2,0,87.5076675415039,192.0845184326172
2,0,86.67346954345703,191.88699340820312
2,0,85.84136962890625,191.6812286376953
2,0,85.01146697998047,191.46725463867188
2,0,84.1838150024414,191.24508666992188
2,0,83.35850524902344,191.0147705078125
2,0,82.53560638427734,190.7763214111328
2,0,81.71520233154297,190.52976989746094
2,0,80.89735412597656,190.275146484375
2,0,80.08216094970703,190.0124969482422
2,0,79.2696762084961,189.7418212890625
2,0,78.45999145507812,189.46316528320312
2,0,77.6531753540039,189.1765594482422
2,0,76.84930419921875,188.8820343017578
2,0,76.04845428466797,188.57960510253906
2,0,75.2507095336914,188.26931762695312
2,0,74.45613861083984,187.95118713378906
2,0,73.6648178100586,187.625244140625
2,0,72.87682342529297,187.29153442382812
2,0,72.09223937988281,186.9500732421875
2,0,71.31112670898438,186.6008758544922
2,0,70.53357696533203,186.24400329589844
2,0,69.75965881347656,185.87945556640625
2,0,68.98944854736328,185.5072784423828
2,0,68.2230224609375,185.12750244140625
2,0,67.46045684814453,184.74014282226562
2,0,66.70182800292969,184.34524536132812
2,0,65.94721221923828,183.9428253173828
2,0,65.19668579101562,183.5329132080078
2,0,64.45032501220703,183.1155548095703
2,0,63.70820999145508,182.6907501220703
2,0,62.97040939331055,182.25856018066406
2,0,62.23700714111328,181.81898498535156
2,0,61.50807189941406,181.3720703125
2,0,60.78368377685547,180.9178466796875
2,0,60.06391906738281,180.45632934570312
2,0,59.34885025024414,179.98756408691406
2,0,58.6385612487793,179.51156616210938
2,0,57.93312072753906,179.02838134765625
2,0,57.232608795166016,178.5380096435547
2,0,56.5370979309082,178.04051208496094
2,0,55.84667205810547,177.53590393066406
2,0,55.161399841308594,177.0242156982422
2,0,54.48135757446289,176.50546264648438
2,0,53.80662536621094,175.97970581054688
2,0,53.13727951049805,175.4469451904297
2,0,52.473392486572266,174.90721130371094
2,0,51.81504440307617,174.3605499267578
2,0,51.16230773925781,173.80697631835938
2,0,50.5152587890625,173.2465362548828
2,0,49.87397766113281,172.67922973632812
2,0,49.2385368347168,172.10511779785156
2,0,48.60901641845703,171.5242156982422
2,0,47.98548889160156,170.93653869628906
2,0,47.3680305480957,170.34214782714844
2,0,46.75672149658203,169.7410430908203
2,0,46.15163040161133,169.1332550048828
2,0,45.55284118652344,168.51882934570312
2,0,44.960426330566406,167.89779663085938
2,0,44.37446212768555,167.27015686035156
2,0,43.79502487182617,166.63597106933594
2,0,43.22219467163086,165.99526977539062
2,0,42.65604019165039,165.34805297851562
2,0,42.096641540527344,164.69436645507812
2,0,41.5440788269043,164.03424072265625
2,0,40.99842071533203,163.36769104003906
2,0,40.459747314453125,162.69476318359375
2,0,39.92813491821289,162.01548767089844
2,0,39.40365982055664,161.32989501953125
2,0,38.88639831542969,160.6379852294922
2,0,38.37642288208008,159.9398193359375
2,0,37.87381362915039,159.23541259765625
2,0,37.3786506652832,158.52479553222656
3,0,36.89100000000001,157.80800000000002
3,0,42.9640007019043,70.03099822998047
3,0,67.62362670898438,80.18932342529297
3,0,68.28168487548828,80.46129608154297
3,0,68.93402099609375,80.75314331054688
3,0,69.58015441894531,81.06634521484375
3,0,70.2196273803711,81.4023666381836
3,0,70.85197448730469,81.76268005371094
3,0,71.47672271728516,82.14876556396484
3,0,72.09342193603516,82.56209564208984
3,0,72.70159912109375,83.00414276123047
3,0,73.30078887939453,83.47637176513672
3,0,73.89051818847656,83.98026275634766
3,0,74.47034454345703,84.51728820800781
3,0,75.03977966308594,85.08892059326172
3,0,75.59837341308594,85.69664001464844
3,0,76.1456527709961,86.34190368652344
3,0,76.68115234375,87.02619171142578
3,0,77.20441436767578,87.75098419189453
3,0,77.7149658203125,88.51774597167969
3,0,78.21234893798828,89.32794952392578
3,0,78.69609832763672,90.18307495117188
3,0,79.16574096679688,91.08458709716797
3,0,79.62081909179688,92.03396606445312
3,0,80.06085968017578,93.03267669677734
3,0,80.48541259765625,94.08219909667969
3,0,80.89399719238281,95.18399810791016
3,0,81.16403198242188,95.99793243408203
3,0,81.4085922241211,96.843505859375
3,0,81.62828826904297,97.71890258789062
3,0,81.82373046875,98.622314453125
3,0,81.99553680419922,99.55191802978516
3,0,82.14431762695312,100.50591278076172
3,0,82.27069091796875,101.48248291015625
3,0,82.37525177001953,102.47981262207031
3,0,82.45862579345703,103.49608612060547
3,0,82.52143096923828,104.52950286865234
3,0,82.56426239013672,105.57823944091797
3,0,82.58773803710938,106.64048767089844
3,0,82.59247589111328,107.71443176269531
3,0,82.57908630371094,108.79826354980469
3,0,82.54817199707031,109.89017486572266
3,0,82.50035858154297,110.98833465576172
3,0,82.43624877929688,112.09095001220703
3,0,82.35646057128906,113.19620513916016
3,0,82.2615966796875,114.30227661132812
3,0,82.15228271484375,115.40735626220703
3,0,82.02912139892578,116.5096435546875
3,0,81.8927230834961,117.60730743408203
3,0,81.74370574951172,118.69854736328125
3,0,81.58267974853516,119.78154754638672
3,0,81.41026306152344,120.8544921875
3,0,81.22705078125,121.91557312011719
3,0,81.0336685180664,122.96298217773438
3,0,80.83072662353516,123.9948959350586
3,0,80.61883544921875,125.00950622558594
3,0,80.39861297607422,126.0050048828125
3,0,80.17066192626953,126.97957611083984
3,0,79.93559265136719,127.93140411376953
3,0,79.69403076171875,128.85867309570312
3,0,79.44657135009766,129.75958251953125
3,0,79.19384002685547,130.63232421875
3,0,78.93644714355469,131.47506713867188
3,0,78.67500305175781,132.28599548339844
3,0,78.29295349121094,133.39259338378906
3,0,77.89744567871094,134.44873046875
3,0,77.48876953125,135.4557647705078
3,0,77.06719970703125,136.41497802734375
3,0,76.63301849365234,137.3277130126953
3,0,76.18649291992188,138.19528198242188
3,0,75.72791290283203,139.0189971923828
3,0,75.25755310058594,139.8001708984375
3,0,74.77569580078125,140.54013061523438
3,0,74.28260803222656,141.24017333984375
3,0,73.7785873413086,141.90164184570312
3,0,73.26390075683594,142.52584838867188
3,0,72.73882293701172,143.11410522460938
3,0,72.20364379882812,143.667724609375
3,0,71.65863800048828,144.1880340576172
3,0,71.10408020019531,144.67633056640625
3,0,70.5402603149414,145.1339569091797
3,0,69.96744537353516,145.5622100830078
3,0,69.38591766357422,145.96243286132812
3,0,68.79595184326172,146.33590698242188
3,0,68.19783782958984,146.68397521972656
3,0,67.59185028076172,147.00794982910156
3,0,66.97826385498047,147.30914306640625
3,0,66.35736083984375,147.58888244628906
3,0,65.72941589355469,147.8484649658203
3,0,65.09471130371094,148.0892333984375
3,0,64.45352935791016,148.31248474121094
4,0,166.5,167.5
4,0,176.5,67.5
4,0,177.14212036132812,68.46159362792969
4,0,177.76699829101562,69.41981506347656
4,0,178.374755859375,70.37492370605469
4,0,178.96551513671875,71.32718658447266
4,0,179.53939819335938,72.27686309814453
4,0,180.0965118408203,73.2242202758789
4,0,180.63697814941406,74.16950988769531
4,0,181.1609344482422,75.11299896240234
4,0,181.6685028076172,76.05494689941406
4,0,182.15977478027344,76.9956283569336
4,0,182.6348876953125,77.93528747558594
4,0,183.09396362304688,78.87419128417969
4,0,183.53712463378906,79.81260681152344
4,0,183.9644775390625,80.75079345703125
4,0,184.37615966796875,81.68901062011719
4,0,184.77227783203125,82.62752532958984
4,0,185.15296936035156,83.56659698486328
4,0,185.51832580566406,84.50648498535156
4,0,185.8684844970703,85.44744873046875
4,0,186.2035675048828,86.38976287841797
4,0,186.52369689941406,87.33367156982422
4,0,186.82899475097656,88.27944946289062
4,0,187.11956787109375,89.22735595703125
4,0,187.39553833007812,90.17765808105469
4,0,187.6570281982422,91.13059997558594
4,0,187.90415954589844,92.08646392822266
4,0,188.13706970214844,93.04549407958984
4,0,188.35585021972656,94.00796508789062
4,0,188.56063842773438,94.97413635253906
4,0,188.7515411376953,95.94426727294922
4,0,188.92869567871094,96.91862487792969
4,0,189.0922088623047,97.8974609375
4,0,189.24220275878906,98.88104248046875
4,0,189.37879943847656,99.86963653564453
4,0,189.50213623046875,100.86349487304688
4,0,189.6123046875,101.8628921508789
4,0,189.7094268798828,102.86808013916016
4,0,189.79364013671875,103.87931823730469
4,0,189.8650665283203,104.89688110351562
4,0,189.92381286621094,105.9210205078125
4,0,189.97000122070312,106.9520034790039
4,0,190.00428771972656,107.96941375732422
4,0,190.02821350097656,108.97830963134766
4,0,190.04171752929688,109.97892761230469
4,0,190.0447540283203,110.97150421142578
4,0,190.03724670410156,111.95626831054688
4,0,190.01913452148438,112.93345642089844
4,0,189.99037170410156,113.9032974243164
4,0,189.9508819580078,114.86603546142578
4,0,189.90061950683594,115.82189178466797
4,0,189.8395233154297,116.77110290527344
4,0,189.7675323486328,117.71391296386719
4,0,189.6845703125,118.65054321289062
4,0,189.59060668945312,119.58123779296875
4,0,189.48556518554688,120.5062255859375
4,0,189.36936950683594,121.42573547363281
4,0,189.2419891357422,122.34001159667969
4,0,189.10336303710938,123.24928283691406
4,0,188.9534149169922,124.1537857055664
4,0,188.79208374023438,125.05374145507812
4,0,188.61932373046875,125.94940185546875
4,0,188.43507385253906,126.84099578857422
4,0,188.2392578125,127.72874450683594
4,0,188.03182983398438,128.61289978027344
4,0,187.81272888183594,129.49368286132812
4,0,187.58189392089844,130.371337890625
4,0,187.3392791748047,131.24607849121094
4,0,187.0847930908203,132.1181640625
4,0,186.8184051513672,132.98782348632812
4,0,186.5400390625,133.8552703857422
4,0,186.2496337890625,134.72076416015625
4,0,185.9471435546875,135.5845184326172
4,0,185.63250732421875,136.44677734375
4,0,185.30564880371094,137.30776977539062
4,0,184.96652221679688,138.16773986816406
4,0,184.6150665283203,139.02691650390625
4,0,184.251220703125,139.88552856445312
4,0,183.8749237060547,140.7438201904297
4,0,183.48611450195312,141.6020050048828
4,0,183.08473205566406,142.46034240722656
4,0,182.67071533203125,143.3190460205078
4,0,182.2440185546875,144.17835998535156
4,0,181.80458068847656,145.03851318359375
4,0,181.35231018066406,145.8997344970703
4,0,180.88719177246094,146.7622833251953
4,0,180.4091339111328,147.62635803222656
4,0,179.9180908203125,148.49221801757812
4,0,179.41400146484375,149.36009216308594
4,0,178.89678955078125,150.23020935058594
4,0,178.36642456054688,151.10279846191406
4,0,177.8228302001953,151.97811889648438
4,0,177.2659454345703,152.8563690185547
4,0,176.6957244873047,153.73780822753906
4,0,176.11207580566406,154.62265014648438
4,0,175.51498413085938,155.5111541748047
4,0,174.9043426513672,156.40353393554688
4,0,174.28013610839844,157.30001831054688
4,0,173.64227294921875,158.20086669921875
4,0,172.99070739746094,159.10629272460938
4,0,172.32537841796875,160.01654052734375
4,0,171.64620971679688,160.9318389892578
4,0,170.9531707763672,161.8524169921875
4,0,170.24618530273438,162.7785186767578
4,0,169.5251922607422,163.7103729248047
4,0,168.79014587402344,164.64822387695312
4,0,168.0409698486328,165.59228515625
4,0,167.27760314941406,166.5428009033203
5,0,176.5,67.5
5,0,166.5,167.50099999999998
5,0,126.68807983398438,147.22105407714844
5,0,125.87566375732422,146.80470275878906
5,0,125.07280731201172,146.37049865722656
5,0,124.28007507324219,145.91737365722656
5,0,123.498046875,145.44430541992188
5,0,122.72726440429688,144.9502410888672
5,0,121.96830749511719,144.43409729003906
5,0,121.22174072265625,143.89486694335938
5,0,120.48812103271484,143.3314666748047
5,0,119.76802062988281,142.74285888671875
5,0,119.06199645996094,142.1280059814453
5,0,118.38063049316406,141.50119018554688
5,0,117.71746063232422,140.8627471923828
5,0,117.07251739501953,140.2130126953125
5,0,116.44584655761719,139.5522918701172
5,0,115.83747100830078,138.88092041015625
5,0,115.24744415283203,138.19921875
5,0,114.67578887939453,137.50750732421875
5,0,114.12254333496094,136.80613708496094
5,0,113.58775329589844,136.0954132080078
5,0,113.0714340209961,135.3756561279297
5,0,112.57363891601562,134.64720153808594
5,0,112.09439849853516,133.91036987304688
5,0,111.63375091552734,133.16549682617188
5,0,111.19171905517578,132.41290283203125
5,0,110.76835632324219,131.6529083251953
5,0,110.36369323730469,130.88583374023438
5,0,109.9777603149414,130.11203002929688
5,0,109.610595703125,129.331787109375
5,0,109.26223754882812,128.5454559326172
5,0,108.9327163696289,127.75335693359375
5,0,108.62207794189453,126.95581817626953
5,0,108.3303451538086,126.15315246582031
5,0,108.05756378173828,125.34569549560547
5,0,107.80376434326172,124.53377532958984
5,0,107.56898498535156,123.71770477294922
5,0,107.35325622558594,122.8978271484375
5,0,107.15662384033203,122.07445526123047
5,0,106.97911834716797,121.24791717529297
5,0,106.8207778930664,120.41854095458984
5,0,106.68163299560547,119.5866470336914
5,0,106.56172180175781,118.7525634765625
5,0,106.4610824584961,117.91661834716797
5,0,106.37974548339844,117.07913970947266
5,0,106.31775665283203,116.24044036865234
5,0,106.27513885498047,115.40086364746094
5,0,106.25193786621094,114.56071472167969
5,0,106.24818420410156,113.7203369140625
5,0,106.263916015625,112.88005065917969
5,0,106.29916381835938,112.04017639160156
5,0,106.35397338867188,111.2010498046875
5,0,106.42837524414062,110.36298370361328
5,0,106.52240753173828,109.52630615234375
5,0,106.63610076904297,108.69135284423828
5,0,106.76949310302734,107.85843658447266
5,0,106.92261505126953,107.02789306640625
5,0,107.09551239013672,106.20004272460938
5,0,107.28822326660156,105.37521362304688
5,0,107.50077056884766,104.55372619628906
5,0,107.73319244384766,103.73591613769531
5,0,107.98553466796875,102.9220962524414
5,0,108.25782775878906,102.11260223388672
5,0,108.55010223388672,101.30774688720703
5,0,108.8624038696289,100.50787353515625
5,0,109.19475555419922,99.71329498291016
5,0,109.54720306396484,98.9243392944336
5,0,109.91978454589844,98.1413345336914
5,0,110.3125228881836,97.36460876464844
5,0,110.72547149658203,96.59447479248047
5,0,111.15864562988281,95.8312759399414
5,0,111.61209869384766,95.07532501220703
5,0,112.08586120605469,94.32695007324219
5,0,112.57996368408203,93.58647918701172
5,0,113.09444427490234,92.85423278808594
5,0,113.62934875488281,92.13054656982422
5,0,114.1846923828125,91.41573333740234
5,0,114.76052856445312,90.71012878417969
5,0,115.35688781738281,90.01405334472656
5,0,115.97380828857422,89.32782745361328
5,0,116.61132049560547,88.65179443359375
5,0,117.26946258544922,87.98625946044922
5,0,117.94827270507812,87.33155822753906
5,0,118.64778137207031,86.68801879882812
5,0,119.36802673339844,86.05596160888672
5,0,120.10904693603516,85.43571472167969
5,0,120.87088012695312,84.82759857177734
5,0,121.65354919433594,84.23194885253906
5,0,122.45710754394531,83.64907836914062
5,0,123.28157806396484,83.0793228149414
5,0,124.12699890136719,82.52300262451172
5,0,124.96530151367188,82.00286102294922
5,0,125.80599975585938,81.5165023803711
5,0,126.64891052246094,81.06275177001953
5,0,127.49386596679688,80.64044952392578
5,0,128.34068298339844,80.2484359741211
5,0,129.18919372558594,79.88555145263672
5,0,130.03921508789062,79.5506362915039
5,0,130.89056396484375,79.24252319335938
5,0,131.74307250976562,78.96005249023438
5,0,132.5965576171875,78.70207214355469
5,0,133.4508514404297,78.4674072265625
6,0,1.5,1.5
6,0,13.244999885559082,227.7550048828125
6,0,13.163928985595703,226.75363159179688
6,0,13.08298397064209,225.75216674804688
6,0,13.002167701721191,224.75062561035156
6,0,12.921480178833008,223.74899291992188
6,0,12.840924263000488,222.74728393554688
6,0,12.760501861572266,221.74549865722656
6,0,12.680213928222656,220.74363708496094
6,0,12.60006332397461,219.74168395996094
6,0,12.520050048828125,218.73965454101562
6,0,12.440177917480469,217.737548828125
6,0,12.360447883605957,216.73536682128906
6,0,12.280861854553223,215.7331085205078
6,0,12.201420783996582,214.7307586669922
6,0,12.122127532958984,213.7283477783203
6,0,12.042983055114746,212.72586059570312
6,0,11.9639892578125,211.72329711914062
6,0,11.885149002075195,210.72064208984375
6,0,11.806462287902832,209.7179412841797
6,0,11.727932929992676,208.71514892578125
6,0,11.649560928344727,207.7122802734375
6,0,11.571348190307617,206.7093505859375
6,0,11.493297576904297,205.7063446044922
6,0,11.415410041809082,204.70327758789062
6,0,11.337687492370605,203.70013427734375
6,0,11.2601318359375,202.69691467285156
6,0,11.182744979858398,201.69363403320312
6,0,11.105527877807617,200.69027709960938
6,0,11.028483390808105,199.68685913085938
6,0,10.951613426208496,198.68338012695312
6,0,10.874917984008789,197.67982482910156
6,0,10.79840087890625,196.67620849609375
6,0,10.722063064575195,195.6725311279297
6,0,10.645905494689941,194.6687774658203
6,0,10.569931030273438,193.6649627685547
6,0,10.494141578674316,192.6610870361328
6,0,10.418538093566895,191.6571502685547
6,0,10.343122482299805,190.6531524658203
6,0,10.267897605895996,189.6490936279297
6,0,10.192863464355469,188.6449737548828
6,0,10.118022918701172,187.6407928466797
6,0,10.043377876281738,186.6365509033203
6,0,9.968929290771484,185.6322479248047
6,0,9.89468002319336,184.62789916992188
6,0,9.82063102722168,183.62347412109375
6,0,9.746784210205078,182.61900329589844
6,0,9.673141479492188,181.61448669433594
6,0,9.59970474243164,180.60989379882812
6,0,9.526474952697754,179.60525512695312
6,0,9.453454971313477,178.60055541992188
6,0,9.380645751953125,177.59580993652344
6,0,9.308050155639648,176.59100341796875
6,0,9.235669136047363,175.58615112304688
6,0,9.163503646850586,174.5812530517578
6,0,9.091557502746582,173.5762939453125
6,0,9.019830703735352,172.5712890625
6,0,8.948326110839844,171.56622314453125
6,0,8.877044677734375,170.5611114501953
6,0,8.805988311767578,169.5559539794922
6,0,8.735158920288086,168.55075073242188
6,0,8.664559364318848,167.54550170898438
6,0,8.594189643859863,166.5402069091797
6,0,8.524052619934082,165.53485107421875
6,0,8.45414924621582,164.5294647216797
6,0,8.384482383728027,163.52403259277344
6,0,8.31505298614502,162.51853942871094
6,0,8.24586296081543,161.5130157470703
6,0,8.17691421508789,160.5074462890625
6,0,8.108208656311035,159.5018310546875
6,0,8.039748191833496,158.49618530273438
6,0,7.971533298492432,157.490478515625
6,0,7.903567314147949,156.48475646972656
6,0,7.835851669311523,155.47897338867188
6,0,7.768387794494629,154.47315979003906
6,0,7.70117712020874,153.46730041503906
6,0,7.634222030639648,152.46141052246094
6,0,7.567524433135986,151.45547485351562
6,0,7.5010857582092285,150.4495086669922
6,0,7.43490743637085,149.44349670410156
6,0,7.368991851806641,148.4374542236328
6,0,7.303340435028076,147.43138122558594
6,0,7.237955093383789,146.42527770996094
6,0,7.172837734222412,145.41912841796875
6,0,7.10798978805542,144.41294860839844
6,0,7.0434136390686035,143.40673828125
6,0,6.979110240936279,142.40049743652344
6,0,6.91508150100708,141.39422607421875
6,0,6.851329803466797,140.38792419433594
6,0,6.787856578826904,139.38157653808594
6,0,6.724663257598877,138.37521362304688
6,0,6.661752223968506,137.3688201904297
6,0,6.599124431610107,136.36239624023438
6,0,6.536782741546631,135.35595703125
6,0,6.474728107452393,134.34947204589844
6,0,6.412962436676025,133.3429718017578
6,0,6.351487636566162,132.33644104003906
6,0,6.2903056144714355,131.3298797607422
6,0,6.2294182777404785,130.32330322265625
6,0,6.168826580047607,129.3166961669922
6,0,6.108532905578613,128.31007385253906
6,0,6.048539161682129,127.30342102050781
6,0,5.988846778869629,126.2967529296875
6,0,5.929457664489746,125.29005432128906
6,0,5.870373249053955,124.28334045410156
6,0,5.811595916748047,123.27660369873047
6,0,5.753127098083496,122.26985168457031
6,0,5.6949687004089355,121.26307678222656
6,0,5.63712215423584,120.25628662109375
6,0,5.57958984375,119.24947357177734
6,0,5.522372722625732,118.24264526367188
6,0,5.465473175048828,117.23580169677734
6,0,5.40889310836792,116.22894287109375
6,0,5.352633953094482,115.2220687866211
6,0,5.29669713973999,114.21517944335938
6,0,5.241085052490234,113.2082748413086
6,0,5.1857991218566895,112.20135498046875
6,0,5.130841255187988,111.19442749023438
6,0,5.076213359832764,110.18748474121094
6,0,5.021917343139648,109.18052673339844
6,0,4.967954158782959,108.1735610961914
6,0,4.914326190948486,107.16658782958984
6,0,4.861035346984863,106.15960693359375
6,0,4.8080830574035645,105.1526107788086
6,0,4.755471229553223,104.1456069946289
6,0,4.7032012939453125,103.13859558105469
6,0,4.651275634765625,102.13157653808594
6,0,4.599695682525635,101.12454986572266
6,0,4.548463344573975,100.11752319335938
6,0,4.497580528259277,99.11048889160156
6,0,4.447048187255859,98.10344696044922
6,0,4.39686918258667,97.09639739990234
6,0,4.347044467926025,96.08935546875
6,0,4.297576427459717,95.0822982788086
6,0,4.248466491699219,94.07524871826172
6,0,4.199716567993164,93.06819152832031
6,0,4.151328086853027,92.0611343383789
6,0,4.103302955627441,91.0540771484375
6,0,4.055643558502197,90.0470199584961
6,0,4.008350849151611,89.03997039794922
6,0,3.9614269733428955,88.03291320800781
6,0,3.9148736000061035,87.02586364746094
6,0,3.868692636489868,86.01881408691406
6,0,3.822885751724243,85.01176452636719
6,0,3.7774548530578613,84.00472259521484
6,0,3.7324013710021973,82.99768829345703
6,0,3.687727451324463,81.99065399169922
6,0,3.643434762954712,80.98362731933594
6,0,3.599524974822998,79.97660827636719
6,0,3.555999994277954,78.96959686279297
6,0,3.512861490249634,77.96259307861328
6,0,3.470111131668091,76.9555892944336
6,0,3.427750825881958,75.94860076904297
6,0,3.385782480239868,74.9416275024414
6,0,3.344207525253296,73.93465423583984
6,0,3.303028106689453,72.92770385742188
6,0,3.2622458934783936,71.9207534790039
6,0,3.221862316131592,70.913818359375
6,0,3.1818795204162598,69.90689849853516
6,0,3.142299175262451,68.89999389648438
6,0,3.103123188018799,67.89309692382812
6,0,3.0643529891967773,66.88621520996094
6,0,3.0259907245635986,65.87934875488281
6,0,2.9880378246307373,64.87250518798828
6,0,2.950496196746826,63.86566925048828
6,0,2.913367748260498,62.858856201171875
6,0,2.8766541481018066,61.85205841064453
6,0,2.8403573036193848,60.845279693603516
6,0,2.804478645324707,59.83851623535156
6,0,2.7690200805664062,58.8317756652832
6,0,2.7339837551116943,57.82505416870117
6,0,2.699370861053467,56.818355560302734
6,0,2.6651835441589355,55.811676025390625
6,0,2.6314234733581543,54.80501937866211
6,0,2.5980923175811768,53.79838562011719
6,0,2.5651919841766357,52.79177474975586
6,0,2.532724380493164,51.785186767578125
6,0,2.5006909370422363,50.77862548828125
6,0,2.4690935611724854,49.77208709716797
6,0,2.437934160232544,48.76557540893555
6,0,2.407214403152466,47.759090423583984
6,0,2.3769359588623047,46.75263214111328
6,0,2.3471007347106934,45.74620056152344
6,0,2.3177106380462646,44.73979949951172
6,0,2.288767099380493,43.73342514038086
6,0,2.2602720260620117,42.727081298828125
6,0,2.232227325439453,41.72076416015625
6,0,2.204634666442871,40.714481353759766
6,0,2.1774959564208984,39.708229064941406
6,0,2.1508126258850098,38.70201110839844
6,0,2.124586820602417,37.695823669433594
6,0,2.0988199710845947,36.689666748046875
6,0,2.073514223098755,35.68354797363281
6,0,2.048671007156372,34.677459716796875
6,0,2.024292230606079,33.671409606933594
6,0,2.0003795623779297,32.6653938293457
6,0,1.9769351482391357,31.659414291381836
6,0,1.9539602994918823,30.653470993041992
6,0,1.9314570426940918,29.647565841674805
6,0,1.9094271659851074,28.641700744628906
6,0,1.8878722190856934,27.63587188720703
6,0,1.866794228553772,26.630083084106445
6,0,1.846194863319397,25.62433433532715
6,0,1.826075792312622,24.618627548217773
6,0,1.80643892288208,23.612960815429688
6,0,1.7872860431671143,22.607336044311523
6,0,1.7686188220977783,21.601755142211914
6,0,1.7504390478134155,20.596216201782227
6,0,1.7327485084533691,19.59071922302246
6,0,1.715549111366272,18.585269927978516
6,0,1.6988424062728882,17.579864501953125
6,0,1.682630181312561,16.57450294494629
6,0,1.666914463043213,15.569189071655273
6,0,1.6516966819763184,14.563922882080078
6,0,1.6369788646697998,13.558703422546387
6,0,1.622762680053711,12.553531646728516
6,0,1.609049916267395,11.548408508300781
6,0,1.5958423614501953,10.543335914611816
6,0,1.583141803741455,9.538311958312988
6,0,1.570949912071228,8.533339500427246
6,0,1.5592684745788574,7.528418064117432
6,0,1.548099398612976,6.523548603057861
6,0,1.5374443531036377,5.518731594085693
6,0,1.5273051261901855,4.513967514038086
6,0,1.5176833868026733,3.5092570781707764
6,0,1.5085811614990234,2.504601001739502
7,0,13.244999885559082,227.7550048828125
7,0,224.64700317382812,215.67999267578125
7,0,223.65184020996094,215.89007568359375
7,0,222.65635681152344,216.0983123779297
7,0,221.66053771972656,216.30471801757812
7,0,220.66439819335938,216.5093231201172
7,0,219.6679229736328,216.7121124267578
7,0,218.671142578125,216.9131317138672
7,0,217.67404174804688,217.11239624023438
7,0,216.6766357421875,217.30990600585938
7,0,215.67892456054688,217.50570678710938
7,0,214.68089294433594,217.6997833251953
7,0,213.6825714111328,217.8921661376953
7,0,212.68394470214844,218.08287048339844
7,0,211.68502807617188,218.27191162109375
7,0,210.68582153320312,218.45932006835938
7,0,209.6863250732422,218.6450958251953
7,0,208.68655395507812,218.8292694091797
7,0,207.68649291992188,219.0118408203125
7,0,206.6861572265625,219.19284057617188
7,0,205.685546875,219.37228393554688
7,0,204.68466186523438,219.55018615722656
7,0,203.6835174560547,219.7265625
7,0,202.68209838867188,219.90142822265625
7,0,201.680419921875,220.07481384277344
7,0,200.67848205566406,220.2467041015625
7,0,199.67630004882812,220.4171600341797
7,0,198.6738739013672,220.58615112304688
7,0,197.6711883544922,220.7537384033203
7,0,196.6682586669922,220.91990661621094
7,0,195.6650848388672,221.08470153808594
7,0,194.66168212890625,221.24810791015625
7,0,193.65805053710938,221.41015625
7,0,192.6541748046875,221.5708770751953
7,0,191.65008544921875,221.7302703857422
7,0,190.64576721191406,221.8883514404297
7,0,189.6412353515625,222.04515075683594
7,0,188.636474609375,222.20068359375
7,0,187.63150024414062,222.35494995117188
7,0,186.62632751464844,222.5079803466797
7,0,185.62094116210938,222.65980529785156
7,0,184.6153564453125,222.81040954589844
7,0,183.6095733642578,222.95982360839844
7,0,182.6035919189453,223.1080780029297
7,0,181.597412109375,223.2551727294922
7,0,180.59104919433594,223.40113830566406
7,0,179.58450317382812,223.5459747314453
7,0,178.5777587890625,223.68971252441406
7,0,177.5708465576172,223.83236694335938
7,0,176.5637664794922,223.9739532470703
7,0,175.55650329589844,224.11447143554688
7,0,174.549072265625,224.25396728515625
7,0,173.54147338867188,224.39244079589844
7,0,172.53372192382812,224.52992248535156
7,0,171.5258026123047,224.66641235351562
7,0,170.51773071289062,224.8019256591797
7,0,169.50950622558594,224.93649291992188
7,0,168.50112915039062,225.07012939453125
7,0,167.4925994873047,225.20285034179688
7,0,166.48394775390625,225.3346710205078
7,0,165.4751434326172,225.46560668945312
7,0,164.46621704101562,225.59567260742188
7,0,163.45713806152344,225.7248992919922
7,0,162.4479522705078,225.853271484375
7,0,161.43862915039062,225.98085021972656
7,0,160.42918395996094,226.1076202392578
7,0,159.4196319580078,226.2335968017578
7,0,158.4099578857422,226.35882568359375
7,0,157.40016174316406,226.48329162597656
7,0,156.39027404785156,226.60704040527344
7,0,155.38026428222656,226.73007202148438
7,0,154.37017822265625,226.85240173339844
7,0,153.35997009277344,226.9740447998047
7,0,152.3496856689453,227.09503173828125
7,0,151.33929443359375,227.21536254882812
7,0,150.32882690429688,227.33506774902344
7,0,149.31826782226562,227.45416259765625
7,0,148.30763244628906,227.57266235351562
7,0,147.2969207763672,227.69056701660156
7,0,146.2861328125,227.80792236328125
7,0,145.2752685546875,227.9247283935547
7,0,144.26434326171875,228.041015625
7,0,143.2533416748047,228.15676879882812
7,0,142.24229431152344,228.2720489501953
7,0,141.23118591308594,228.3868408203125
7,0,140.22003173828125,228.50115966796875
7,0,139.2088165283203,228.61505126953125
7,0,138.1975555419922,228.728515625
7,0,137.18624877929688,228.841552734375
7,0,136.17491149902344,228.95420837402344
7,0,135.1635284423828,229.0664825439453
7,0,134.15211486816406,229.1783905029297
7,0,133.1406707763672,229.2899627685547
7,0,132.1291961669922,229.40121459960938
7,0,131.11769104003906,229.51214599609375
7,0,130.10618591308594,229.62278747558594
7,0,129.0946502685547,229.733154296875
7,0,128.08309936523438,229.84326171875
7,0,127.07154846191406,229.953125
7,0,126.05998992919922,230.06275939941406
7,0,125.04843139648438,230.1721954345703
7,0,124.036865234375,230.28143310546875
7,0,123.02530670166016,230.3905029296875
7,0,122.01375579833984,230.49940490722656
7,0,121.00221252441406,230.60816955566406
7,0,119.99068450927734,230.71681213378906
7,0,118.97917175292969,230.82534790039062
7,0,117.96768188476562,230.9337921142578
7,0,116.95621490478516,231.0421600341797
7,0,115.94477844238281,231.15048217773438
7,0,113.9219970703125,231.36700439453125
7,0,112.89098358154297,231.477294921875
7,0,111.85978698730469,231.58734130859375
7,0,110.82843017578125,231.69692993164062
7,0,109.7968978881836,231.8057861328125
7,0,108.76519012451172,231.91368103027344
7,0,107.73330688476562,232.02035522460938
7,0,106.70125579833984,232.12557983398438
7,0,105.66902160644531,232.22911071777344
7,0,104.63660430908203,232.33070373535156
7,0,103.60401153564453,232.4300994873047
7,0,102.57124328613281,232.52706909179688
7,0,101.53829193115234,232.62135314941406
7,0,100.5051498413086,232.7127227783203
7,0,99.47183227539062,232.80091857910156
7,0,98.43832397460938,232.88571166992188
7,0,97.40463256835938,232.9668426513672
7,0,96.3707504272461,233.04408264160156
7,0,95.33667755126953,233.11717224121094
7,0,94.30241394042969,233.1858673095703
7,0,93.2679672241211,233.24993896484375
7,0,92.23332214355469,233.30914306640625
7,0,91.19847869873047,233.3632049560547
7,0,90.16344451904297,233.4119110107422
7,0,89.12821197509766,233.4550018310547
7,0,88.09278869628906,233.4922332763672
7,0,87.05715942382812,233.52337646484375
7,0,86.02133178710938,233.5481719970703
7,0,84.98530578613281,233.56637573242188
7,0,83.9490737915039,233.57774353027344
7,0,82.91263580322266,233.58203125
7,0,81.8759994506836,233.57899475097656
7,0,80.82250213623047,233.56826782226562
7,0,79.7692642211914,233.55006408691406
7,0,78.71627044677734,233.52468872070312
7,0,77.66352844238281,233.4924774169922
7,0,76.61102294921875,233.45376586914062
7,0,75.55874633789062,233.4088592529297
7,0,74.50670623779297,233.3581085205078
7,0,73.45488739013672,233.30181884765625
7,0,72.40328979492188,233.24032592773438
7,0,71.3519058227539,233.1739501953125
7,0,70.30072784423828,233.10302734375
7,0,69.24974822998047,233.0278778076172
7,0,68.198974609375,232.94882202148438
7,0,67.14839172363281,232.86619567871094
7,0,66.09799194335938,232.7803192138672
7,0,65.04777526855469,232.69151306152344
7,0,63.99774169921875,232.60012817382812
7,0,62.9478759765625,232.50645446777344
7,0,61.89817810058594,232.4108428955078
7,0,60.84864044189453,232.31361389160156
7,0,59.799259185791016,232.21507263183594
7,0,58.75002670288086,232.11558532714844
7,0,57.70094299316406,232.0154571533203
7,0,56.652000427246094,231.9149932861328
8,0,224.64700317382812,215.67999267578125
8,0,216.77699279785156,2.1070001125335693
8,0,216.97830200195312,3.0879251956939697
8,0,217.1772918701172,4.069148540496826
8,0,217.37399291992188,5.0506672859191895
8,0,217.5684051513672,6.032480239868164
8,0,217.76052856445312,7.014585018157959
8,0,217.95040893554688,7.996979713439941
8,0,218.13803100585938,8.979662895202637
8,0,218.32339477539062,9.962632179260254
8,0,218.5065460205078,10.94588565826416
8,0,218.68746948242188,11.929421424865723
8,0,218.86618041992188,12.913236618041992
8,0,219.0426788330078,13.897331237792969
8,0,219.21701049804688,14.881702423095703
8,0,219.38914489746094,15.866347312927246
8,0,219.5591278076172,16.85126495361328
8,0,219.72694396972656,17.83645248413086
8,0,219.8926239013672,18.821910858154297
8,0,220.05616760253906,19.807634353637695
8,0,220.2175750732422,20.793622970581055
8,0,220.3768768310547,21.77987289428711
8,0,220.53408813476562,22.766386032104492
8,0,220.68919372558594,23.753156661987305
8,0,220.84222412109375,24.740184783935547
8,0,220.99317932128906,25.727468490600586
8,0,221.14207458496094,26.715003967285156
8,0,221.28892517089844,27.702791213989258
8,0,221.43374633789062,28.690826416015625
8,0,221.57652282714844,29.67911148071289
8,0,221.71730041503906,30.667640686035156
8,0,221.85606384277344,31.65641212463379
8,0,221.99282836914062,32.64542770385742
8,0,222.1276092529297,33.63467788696289
8,0,222.2604217529297,34.624168395996094
8,0,222.3912811279297,35.613895416259766
8,0,222.52017211914062,36.60385513305664
8,0,222.6471405029297,37.59404754638672
8,0,222.7721710205078,38.584468841552734
8,0,222.89527893066406,39.57511901855469
8,0,223.0164794921875,40.56599426269531
8,0,223.1357879638672,41.557090759277344
8,0,223.25320434570312,42.54841232299805
8,0,223.36874389648438,43.539955139160156
8,0,223.482421875,44.53171157836914
8,0,223.59423828125,45.52368927001953
8,0,223.7042236328125,46.51587677001953
8,0,223.81236267089844,47.508277893066406
8,0,223.91868591308594,48.500892639160156
8,0,224.02320861816406,49.493709564208984
8,0,224.12591552734375,50.48673629760742
8,0,224.22683715820312,51.4799690246582
8,0,224.32598876953125,52.47340393066406
8,0,224.42337036132812,53.467037200927734
8,0,224.51898193359375,54.46086883544922
8,0,224.61285400390625,55.454898834228516
8,0,224.7050018310547,56.44912338256836
8,0,224.79541015625,57.443538665771484
8,0,224.8841094970703,58.438148498535156
8,0,224.9711151123047,59.432945251464844
8,0,225.05641174316406,60.42792892456055
8,0,225.14002990722656,61.423095703125
8,0,225.22198486328125,62.41844940185547
8,0,225.30227661132812,63.41398239135742
8,0,225.38092041015625,64.4096908569336
8,0,225.4579315185547,65.40557861328125
8,0,225.53330993652344,66.40164947509766
8,0,225.60707092285156,67.39788818359375
8,0,225.67921447753906,68.39429473876953
8,0,225.74977111816406,69.390869140625
8,0,225.81875610351562,70.38761901855469
8,0,225.8861541748047,71.38452911376953
8,0,225.95199584960938,72.38160705566406
8,0,226.0162811279297,73.37884521484375
8,0,226.0790252685547,74.37623596191406
8,0,226.14024353027344,75.37379455566406
8,0,226.19993591308594,76.37150573730469
8,0,226.25811767578125,77.36936950683594
8,0,226.31480407714844,78.36738586425781
8,0,226.37001037597656,79.36554718017578
8,0,226.42373657226562,80.36386108398438
8,0,226.47598266601562,81.3623275756836
8,0,226.52679443359375,82.36093139648438
8,0,226.57615661621094,83.35968017578125
8,0,226.62408447265625,84.35856628417969
8,0,226.6705780029297,85.35758972167969
8,0,226.71566772460938,86.35675048828125
8,0,226.75936889648438,87.35604858398438
8,0,226.80166625976562,88.35547637939453
8,0,226.84259033203125,89.35503387451172
8,0,226.88214111328125,90.35472106933594
8,0,226.9203338623047,91.35453796386719
8,0,226.95718383789062,92.35447692871094
8,0,226.99269104003906,93.35453796386719
8,0,227.02688598632812,94.35472106933594
8,0,227.05975341796875,95.35501861572266
8,0,227.09132385253906,96.35543823242188
8,0,227.12159729003906,97.35597229003906
8,0,227.1505889892578,98.35662078857422
8,0,227.17831420898438,99.35737609863281
8,0,227.20477294921875,100.35824584960938
8,0,227.22998046875,101.35922241210938
8,0,227.2539520263672,102.36029815673828
8,0,227.27670288085938,103.36148071289062
8,0,227.29823303222656,104.36276245117188
8,0,227.31854248046875,105.36415100097656
8,0,227.33767700195312,106.36563110351562
8,0,227.35560607910156,107.36720275878906
8,0,227.37237548828125,108.3688735961914
8,0,227.38796997070312,109.37063598632812
8,0,227.4024200439453,110.37248992919922
8,0,227.4157257080078,111.37442779541016
8,0,227.4279022216797,112.37644958496094
8,0,227.43896484375,113.3785629272461
8,0,227.44891357421875,114.38075256347656
8,0,227.45774841308594,115.38301849365234
8,0,227.46551513671875,116.38536834716797
8,0,227.47219848632812,117.3877944946289
8,0,227.47781372070312,118.39029693603516
8,0,227.4823760986328,119.39286804199219
8,0,227.4858856201172,120.3955078125
8,0,227.48837280273438,121.3982162475586
8,0,227.4898223876953,122.40099334716797
8,0,227.49026489257812,123.4038314819336
8,0,227.48971557617188,124.40673828125
8,0,227.48817443847656,125.40969848632812
8,0,227.4856414794922,126.4127197265625
8,0,227.48214721679688,127.41580200195312
8,0,227.47769165039062,128.41893005371094
8,0,227.4722900390625,129.422119140625
8,0,227.4659423828125,130.42535400390625
8,0,227.45867919921875,131.4286346435547
8,0,227.45050048828125,132.43197631835938
8,0,227.44142150878906,133.4353485107422
8,0,227.4314422607422,134.4387664794922
8,0,227.4205780029297,135.44223022460938
8,0,227.40884399414062,136.44573974609375
8,0,227.39625549316406,137.44927978515625
8,0,227.3828125,138.45285034179688
8,0,227.36851501464844,139.45645141601562
8,0,227.35340881347656,140.46009826660156
8,0,227.3374786376953,141.46376037597656
8,0,227.32073974609375,142.4674530029297
8,0,227.30320739746094,143.47117614746094
8,0,227.28488159179688,144.47491455078125
8,0,227.26577758789062,145.4786834716797
8,0,227.2459259033203,146.4824676513672
8,0,227.22531127929688,147.48626708984375
8,0,227.20394897460938,148.49008178710938
8,0,227.18186950683594,149.49392700195312
8,0,227.1590576171875,150.49777221679688
8,0,227.1355438232422,151.50161743164062
8,0,227.11131286621094,152.50547790527344
8,0,227.08641052246094,153.5093536376953
8,0,227.06082153320312,154.5132293701172
8,0,227.03457641601562,155.51710510253906
8,0,227.00765991210938,156.52098083496094
8,0,226.98011779785156,157.52484130859375
8,0,226.95191955566406,158.52871704101562
8,0,226.92311096191406,159.53257751464844
8,0,226.89369201660156,160.53643798828125
8,0,226.86366271972656,161.540283203125
8,0,226.83303833007812,162.5441131591797
8,0,226.8018341064453,163.54794311523438
8,0,226.7700653076172,164.55174255371094
8,0,226.7377471923828,165.5555419921875
8,0,226.70486450195312,166.55931091308594
8,0,226.67144775390625,167.5630645751953
8,0,226.63751220703125,168.56678771972656
8,0,226.60305786132812,169.5704803466797
8,0,226.56808471679688,170.57415771484375
8,0,226.5326385498047,171.5778045654297
8,0,226.49668884277344,172.5814208984375
8,0,226.4602813720703,173.58499145507812
8,0,226.42340087890625,174.5885467529297
8,0,226.38607788085938,175.59205627441406
8,0,226.3483123779297,176.59552001953125
8,0,226.31011962890625,177.5989532470703
8,0,226.27149963378906,178.6023406982422
8,0,226.23248291015625,179.60568237304688
8,0,226.19305419921875,180.60897827148438
8,0,226.15325927734375,181.6122283935547
8,0,226.11306762695312,182.6154327392578
8,0,226.07252502441406,183.6185760498047
8,0,226.03163146972656,184.62167358398438
8,0,225.99038696289062,185.6247100830078
8,0,225.9488067626953,186.627685546875
8,0,225.9069061279297,187.63059997558594
8,0,225.8647003173828,188.63345336914062
8,0,225.8221893310547,189.63624572753906
8,0,225.77938842773438,190.63897705078125
8,0,225.73631286621094,191.64163208007812
8,0,225.69297790527344,192.6442108154297
8,0,225.6493682861328,193.646728515625
8,0,225.60552978515625,194.649169921875
8,0,225.5614471435547,195.6515350341797
8,0,225.5171356201172,196.65382385253906
8,0,225.4726104736328,197.65603637695312
8,0,225.42788696289062,198.65817260742188
8,0,225.3829803466797,199.66021728515625
8,0,225.33787536621094,200.66217041015625
8,0,225.2926025390625,201.66404724121094
8,0,225.24717712402344,202.66583251953125
8,0,225.20159912109375,203.6675262451172
8,0,225.1558837890625,204.6691131591797
8,0,225.11004638671875,205.67062377929688
8,0,225.0640869140625,206.67202758789062
8,0,225.0180206298828,207.67333984375
8,0,224.97186279296875,208.67454528808594
8,0,224.92562866210938,209.67564392089844
8,0,224.87930297851562,210.67665100097656
8,0,224.8329315185547,211.6775360107422
8,0,224.7864990234375,212.67831420898438
8,0,224.74002075195312,213.6790008544922
8,0,224.6935272216797,214.67955017089844
9,0,1.562000036239624,1.8760000467300415
9,0,216.7779998779297,2.1070001125335693
